CarParkID,latitude,longitude
A0007,1.3053280313,103.8295706951
A0011,1.2939260442,103.8488660619
A0017,1.3029418442,103.8570252731
A0021,1.2807904230,103.8471773424
A0024,1.3241651254,103.8138990563
A0035,1.3102963502,103.8368930165
A0046,1.3138928368,103.8817881934
A10,1.3686329816,103.8445240152
A100,1.3779874732,103.8426025448
A101,1.3830389166,103.8417395008
A11,1.3670355339,103.8381810969
A12,1.3685678875,103.8387593207
A13,1.3680002216,103.8368096119
A15,1.3669676104,103.8404174560
A2,1.3662370558,103.8430463972
A20,1.3649433806,103.8484570918
A21,1.3681275586,103.8463132242
A24,1.3647534119,103.8493976528
A25,1.3627693074,103.8516274893
A26,1.3727702022,103.8354475641
A27,1.3703630515,103.8383206515
A28,1.3716499283,103.8374642881
A29,1.3672262594,103.8487155966
A30,1.3709897467,103.8424189722
A31,1.3704511193,103.8436999445
A33,1.3700210113,103.8346919458
A34,1.3683564732,103.8516673741
A35,1.3686463926,103.8540814741
A36,1.3664071282,103.8552787873
A37,1.3681130685,103.8555565507
A38,1.3639637058,103.8545883827
A39,1.3611510217,103.8540721546
A4,1.3656916206,103.8411921650
A40,1.3623561505,103.8569820860
A41,1.3649369353,103.8569326000
A42,1.3665801817,103.8573638924
A43,1.3659967356,103.8592672720
A44,1.3672057433,103.8589905085
A45,1.3709176931,103.8552304960
A47,1.3705581670,103.8592466089
A48,1.3703712815,103.8546522609
A49,1.3713296059,103.8577970877
A50,1.3725224642,103.8576095680
A51,1.3694707393,103.8343753450
A52,1.3703854326,103.8469225471
A53,1.3708650227,103.8468773086
A54,1.3724343595,103.8459153546
A55,1.3731917742,103.8464748577
A59,1.3738962214,103.8581397841
A60,1.3744644954,103.8559134188
A61,1.3741704461,103.8521600155
A63,1.3752171305,103.8493990820
A64,1.3705348687,103.8534617975
A65,1.3710291590,103.8594172076
A66,1.3805449309,103.8356606230
A67,1.3796863244,103.8378048894
A68,1.3818976185,103.8398542148
A69,1.3816414579,103.8419454357
A7,1.3683924870,103.8413017544
A70,1.3806206411,103.8401072068
A71,1.3800090937,103.8407418967
A72,1.3807609626,103.8435303382
A73,1.3788481891,103.8408246967
A74,1.3786516803,103.8438046637
A75,1.3762021780,103.8386845577
A76,1.3779771119,103.8388348050
A77,1.3763531493,103.8399785703
A78,1.3746947111,103.8383867909
A8,1.3687560710,103.8433077115
A81,1.3743555525,103.8364787947
A82,1.3756749224,103.8363986527
A85,1.3651073780,103.8497093686
A87,1.3668263587,103.8578842374
A88,1.3662807157,103.8472665268
A9,1.3680743700,103.8443921978
A94,1.3718598269,103.8383159614
A98,1.3691643106,103.8318542096
ACB,1.3010632721,103.8541180499
ACM,1.3210042901,103.8850609476
AH1,1.3282834952,103.8446198891
AM14,1.3687410946,103.8403011027
AM16,1.3703498012,103.8357182852
AM18,1.3655400128,103.8446193902
AM19,1.3688861979,103.8345310238
AM20,1.3646977329,103.8460885861
AM22,1.3645882915,103.8476530264
AM32,1.3705325245,103.8343768155
AM43,1.3686107187,103.8573035467
AM46,1.3721783233,103.8533963844
AM51,1.3699150017,103.8466985165
AM64,1.3714570203,103.8530982461
AM79,1.3723282292,103.8513279456
AM80,1.3706469902,103.8418614905
AM81,1.3716392420,103.8419478125
AM96,1.3640741493,103.8509403712
AR1L,1.3038767185,103.7826317792
AR1M,1.3028486840,103.7836667743
AR2L,1.3059132345,103.7811546552
AR2M,1.3047388928,103.7816744893
AR5M,1.3073435266,103.7844633301
AR7L,1.3058077206,103.7855911366
AR7M,1.3047713773,103.7851920038
AR9,1.3072843627,103.7834396406
AV1,1.2855825550,103.8032152642
B0031,1.3141110311,103.8596053969
B0063,1.3473952305,103.7614810464
B0087,1.3013034071,103.8603751995
B0088,1.3208824943,103.9552145178
B10,1.3290283310,103.9337077441
B10M,1.3292101480,103.9325239999
B11,1.3283420054,103.9303961799
B14,1.3291590930,103.9314450949
B16,1.3235011180,103.9405594919
B17,1.3242177381,103.9418571613
B19,1.3219245461,103.9409609679
B20,1.3197997145,103.9434203771
B21,1.3281779630,103.9410464872
B23L,1.3304434734,103.9398089984
B23M,1.3306877580,103.9406433706
B24,1.3326471604,103.9382946223
B25,1.3329691188,103.9404903429
B26,1.3343079868,103.9403405873
B27,1.3341177471,103.9380381352
B28,1.3325447896,103.9355710783
B30,1.3299428347,103.9387534337
B31,1.3285012343,103.9388501998
B32,1.3274106695,103.9367574795
B33,1.3272408585,103.9358001646
B34,1.3283122944,103.9356734308
B35,1.3290580973,103.9351762027
B40,1.3325499477,103.9327701452
B41,1.3325549181,103.9314928660
B42,1.3324517914,103.9308211568
B43,1.3311051866,103.9276033978
B44,1.3339712515,103.9275087747
B44B,1.3323014050,103.9229110054
B45,1.3316799841,103.9254289988
B46,1.3313212245,103.9241819519
B47,1.3308959154,103.9222478390
B48,1.3300959278,103.9234212284
B48B,1.3299669383,103.9257588189
B49,1.3321857666,103.9266682072
B50,1.3304470908,103.9130665613
B51,1.3321465002,103.9163962424
B52,1.3339091801,103.9178941875
B53,1.3342514892,103.9151772353
B54,1.3333637441,103.9152037367
B57,1.3358433946,103.9190192710
B59,1.3375088708,103.9259610241
B6,1.3263304966,103.9303395394
B60,1.3372324411,103.9290566985
B63,1.3381537270,103.9226164633
B65,1.3200329104,103.9456592875
B65L,1.3182340844,103.9476194524
B65M,1.3178894384,103.9463324279
B66,1.3305481549,103.9043395632
B67,1.3320157722,103.9063947595
B68,1.3225048598,103.9369220300
B69,1.3334261837,103.9419707362
B7,1.3251312398,103.9319217316
B70,1.3262898454,103.9279955191
B71,1.3242938892,103.9243003690
B72,1.3343770597,103.9073897738
B73,1.3324922679,103.9069672462
B74,1.3328468532,103.9090552627
B75,1.3330705485,103.9176016699
B79,1.3367761555,103.9374066100
B7A,1.3271316924,103.9340369595
B7B,1.3265215018,103.9348400041
B8,1.3258814965,103.9282762331
B80,1.3382683051,103.9233606008
B81,1.3232111241,103.9349425523
B83,1.3264690136,103.9222712947
B84,1.3262261096,103.9342047573
B85,1.3260802459,103.9413578420
B86,1.3307672182,103.9356912496
B88,1.3222730386,103.9382986102
B89,1.3309591790,103.9372654614
B8B,1.3247921203,103.9279467400
B9,1.3301727087,103.9338151792
B90,1.3225376306,103.9396351268
B91,1.3327973240,103.9142523334
B92,1.3216973943,103.9339350951
B94,1.3322601659,103.9293574387
B94A,1.3313036278,103.9291791895
B95,1.3255129804,103.9350827295
B96,1.3249662904,103.9329516083
B97,1.3361557900,103.9235080786
B98,1.3360794196,103.9219168610
B99M,1.3274880752,103.9227613439
BA1,1.3336954081,103.8708269708
BA11,1.3366717480,103.8745322717
BA12,1.3402100071,103.8763675113
BA2,1.3369045734,103.8732551919
BA3,1.3362715926,103.8713218447
BA4,1.3352592557,103.8729484958
BA6,1.3402534869,103.8721855140
BA7,1.3418207212,103.8721366903
BA8,1.3417617418,103.8714720265
BA9,1.3431283451,103.8759161849
BBB,1.2965800277,103.8536632064
BBM1,1.3464366537,103.7453822743
BBM2,1.3508670707,103.7498822484
BBM3,1.3445062833,103.7599177708
BBM5,1.3432428851,103.7579336115
BBM7,1.3473553283,103.7436955220
BBM8,1.3499692849,103.7485105207
BBM9,1.3658306353,103.7517718287
BE10,1.3477410369,103.8532954080
BE11,1.3497794555,103.8530413550
BE12,1.3500135844,103.8509630185
BE13,1.3448855410,103.8515276392
BE14,1.3470591230,103.8554316902
BE18,1.3583510907,103.8310861687
BE19,1.3488553699,103.8482017597
BE22,1.3494365937,103.8496549531
BE23,1.3500959072,103.8497629136
BE25,1.3551543675,103.8483089249
BE26,1.3558952355,103.8484566994
BE27,1.3566562136,103.8486311462
BE28,1.3579257838,103.8480503922
BE29,1.3574527004,103.8459008511
BE3,1.3623638203,103.8344065654
BE30,1.3574639722,103.8464453299
BE31,1.3588668638,103.8460952435
BE32,1.3591710156,103.8466724752
BE33,1.3601707005,103.8448200619
BE34,1.3609610362,103.8436216081
BE35,1.3614206826,103.8430844601
BE36,1.3574951697,103.8445353827
BE37,1.3580079412,103.8444208377
BE38,1.3588986300,103.8445664877
BE39,1.3591964018,103.8419713376
BE3R,1.3631857448,103.8354758112
BE4,1.3464955374,103.8483777826
BE40,1.3573111777,103.8426401514
BE42,1.3555617806,103.8445481469
BE44,1.3578308220,103.8316301439
BE45,1.3563083437,103.8436737996
BE5,1.3461773764,103.8509610635
BE6,1.3447482141,103.8518833426
BE7,1.3450046992,103.8530228908
BE8,1.3444363923,103.8553148078
BE9,1.3471702615,103.8561827739
BH1,1.3249913647,103.8424599258
BH2,1.3260459730,103.8427613030
BJ1,1.3739566801,103.7693230202
BJ10,1.3789392866,103.7706551668
BJ11,1.3807636871,103.7718799436
BJ12,1.3802532628,103.7744885891
BJ13,1.3770036225,103.7747788018
BJ14,1.3789869378,103.7735290634
BJ15,1.3774944817,103.7737818871
BJ16,1.3775065166,103.7736203109
BJ17,1.3812502325,103.7689457281
BJ18,1.3809699700,103.7681115266
BJ19,1.3840337588,103.7683838981
BJ2,1.3761350307,103.7666613403
BJ20,1.3860579471,103.7697816793
BJ21,1.3859447800,103.7706720012
BJ23,1.3776345512,103.7729510893
BJ24,1.3832674838,103.7704682675
BJ25,1.3848991301,103.7717251843
BJ26,1.3837968809,103.7727051700
BJ27,1.3826405384,103.7709504394
BJ28,1.3789248342,103.7655460041
BJ29,1.3849380921,103.7676830916
BJ3,1.3773101941,103.7693773430
BJ30,1.3870292824,103.7689793291
BJ31,1.3879388940,103.7674779780
BJ32,1.3865639857,103.7669356490
BJ33,1.3791195021,103.7720111271
BJ34,1.3877960606,103.7665178117
BJ35,1.3870414895,103.7659136706
BJ36,1.3862703990,103.7653387162
BJ37,1.3854321020,103.7646848754
BJ38,1.3851366908,103.7634266465
BJ39,1.3842317977,103.7628600693
BJ4,1.3755313768,103.7722579353
BJ40,1.3828257877,103.7629016492
BJ41,1.3755120500,103.7654544839
BJ42,1.3769212779,103.7642864447
BJ43,1.3817204460,103.7616776126
BJ44,1.3806489411,103.7649867935
BJ45,1.3786879614,103.7650087809
BJ48,1.3871857898,103.7646030257
BJ49,1.3848974600,103.7614867534
BJ50,1.3881839977,103.7736889226
BJ51,1.3793984087,103.7634642731
BJ52,1.3791133613,103.7626379059
BJ53,1.3898028076,103.7719320699
BJ54,1.3890478094,103.7735001055
BJ55,1.3862829447,103.7607769518
BJ56,1.3858912160,103.7589498351
BJ57,1.3852512028,103.7601704484
BJ58,1.3875244297,103.7712726176
BJ60,1.3883210041,103.7695190108
BJ61,1.3890048643,103.7677928998
BJ62,1.3842686253,103.7713963220
BJ63,1.3813155105,103.7702911434
BJ65,1.3847041571,103.7587613771
BJ66,1.3862485761,103.7577026134
BJ67,1.3873499559,103.7579829036
BJ68,1.3853817252,103.7699702149
BJ69,1.3878519593,103.7630727928
BJ71,1.3870017052,103.7619170325
BJ72,1.3888778457,103.7608720428
BJ8,1.3746997308,103.7735958371
BJAL,1.3879463629,103.7659716832
BJBL,1.3839745646,103.7638802605
BJMP,1.3777664235,103.7735152334
BKE1,1.3078189306,103.8515963392
BKE2,1.3141280969,103.8554799638
BKE3,1.3144152298,103.8558008466
BKE4,1.3144503701,103.8568409717
BKE7,1.3126129575,103.8553219531
BKE9,1.3073372126,103.8514637973
BKRM,1.3172763033,103.8613680952
BL10,1.3437618407,103.7114251379
BL13,1.3446925876,103.7150351976
BL15,1.3459715198,103.7075622030
BL17,1.3478712415,103.7077406954
BL18,1.3465495558,103.7144238278
BL19,1.3487772810,103.7133456636
BL22,1.3425435060,103.7137498782
BL23,1.3495605886,103.7115798120
BL24,1.3411570566,103.7101759213
BL3,1.3468747077,103.7092345552
BL8,1.3454251336,103.7133909164
BL8L,1.3462245864,103.7120638054
BLM,1.3155064402,103.8609587327
BM1,1.2863026958,103.8095714771
BM10,1.2880959990,103.8140698171
BM13,1.2868982044,103.8121918066
BM14,1.2890407366,103.8088479393
BM19,1.2857124480,103.8187026485
BM2,1.2868507680,103.8099530723
BM20,1.2852472955,103.8187602080
BM26,1.2872915426,103.8074267687
BM28,1.2839993312,103.8158231667
BM29,1.2836347061,103.8170992126
BM3,1.2877077663,103.8115277695
BM30,1.2832343333,103.8167334423
BM31,1.2824491301,103.8165750260
BM4,1.2876672842,103.8089551447
BM5,1.2884315561,103.8076195014
BM6,1.2895333905,103.8137644990
BM9,1.2890979986,103.8143580184
BMVM,1.2846262895,103.8231291896
BP1,1.2727949460,103.8248700464
BP2,1.2740916913,103.8270043283
BR10,1.3230185396,103.8545043053
BR11,1.3262618388,103.8589643772
BR12,1.3272150797,103.8577182706
BR14,1.3259556508,103.8599834783
BR4,1.3235772597,103.8554213781
BR5,1.3249089707,103.8581906393
BR6,1.3230388254,103.8535357631
BR8,1.3251600111,103.8545583418
BR9,1.3189625696,103.8507430871
BRB1,1.3060667492,103.8505859786
BRBL,1.3065968942,103.8507074910
BRM,1.3207472025,103.8661728701
BRM1,1.3264854878,103.8567289631
BRM3,1.3215277955,103.8546563008
BRM4,1.3227303245,103.8560740337
BRM5,1.3275174490,103.8594306269
BRM6,1.3277831139,103.8611933894
BRM7,1.3243738975,103.8554020330
BTM,1.2867839239,103.8332897478
BTM2,1.2869630822,103.8296410124
BTM3,1.2863112199,103.8286982550
BVM2,1.2834928029,103.8233756625
BWM,1.2869280256,103.8067013853
C0119,1.3098549757,103.8994330540
C0133,1.2882657609,103.8481828912
C0148,1.3110998019,103.8397544333
C0162,1.2939732462,103.8445167535
C10,1.3184632073,103.7689629452
C11,1.3148008329,103.7661308115
C12,1.3217898445,103.7661060729
C13M,1.3205633714,103.7661798402
C14M,1.3173923753,103.7651854606
C15M,1.3162541862,103.7640464282
C16,1.3143139267,103.7624815717
C17,1.3138577295,103.7638965696
C18,1.3122716629,103.7633744209
C18A,1.3117560815,103.7641869782
C19M,1.3133630086,103.7638546075
C20,1.3133478208,103.7652617466
C20M,1.3115042554,103.7656507772
C21L,1.3110149397,103.7670416604
C21M,1.3116611944,103.7665267320
C22M,1.3216503043,103.7703399340
C24,1.3241976208,103.7712866770
C25,1.3223512366,103.7689889221
C26,1.3225877612,103.7699290652
C27,1.3222422629,103.7705127709
C28M,1.3223617442,103.7620714507
C29,1.3126146115,103.7592317897
C29A,1.3113609356,103.7591848990
C2M,1.3109282162,103.7678805968
C30,1.3114580974,103.7614210703
C31,1.3105631945,103.7605990825
C33,1.3045594380,103.7668576180
C34,1.3070103153,103.7609362702
C35,1.3056123024,103.7614392256
C36,1.3053096745,103.7635574212
C37,1.3035383171,103.7639716977
C38,1.3028066678,103.7625267904
C3M,1.3098135876,103.7701310346
C3ML,1.3103927403,103.7690923083
C40L,1.3007908964,103.7638889081
C40M,1.2997090957,103.7639106034
C4M,1.3114801087,103.7705025130
C5,1.3131026591,103.7695739486
C6,1.3144881139,103.7676911655
C7,1.3148838723,103.7707550085
C8,1.3166746568,103.7686311035
C9,1.3176492492,103.7703123494
CAM,1.3018210574,103.7982056581
CC1,1.3266212707,103.9229114296
CC10,1.3286857317,103.9255768159
CC11,1.3290958608,103.9216340314
CC12,1.3267660936,103.9249255469
CC4,1.3257615383,103.9213875308
CC5,1.3248224612,103.9234006746
CC6,1.3235138141,103.9235646122
CC7,1.3252462055,103.9256873497
CC8,1.3268954883,103.9194411726
CC9,1.3277201163,103.9259950946
CCKC,1.3850753627,103.7457471953
CDM,1.3016364094,103.7967913879
CK1,1.3774743473,103.7539665190
CK10,1.3805047532,103.7454348660
CK11,1.3787338235,103.7418689466
CK12,1.3812861166,103.7418157083
CK13,1.3829167235,103.7420405968
CK14,1.3801473409,103.7425446223
CK15,1.3784262097,103.7409119913
CK16,1.3796289105,103.7392210725
CK17,1.3820730449,103.7406910224
CK18,1.3809984226,103.7506231441
CK19,1.3804828191,103.7513306474
CK2,1.3792527807,103.7513716518
CK20,1.3833829647,103.7401336543
CK22,1.3838438770,103.7459429680
CK23,1.3841443512,103.7415068541
CK24,1.3833261630,103.7433098541
CK25,1.3822899983,103.7437437956
CK28,1.3800848001,103.7441716925
CK29,1.3797457123,103.7441107765
CK3,1.3786059244,103.7500624787
CK30,1.3790288767,103.7453810750
CK31,1.3787502331,103.7449384079
CK32,1.3773947750,103.7439626903
CK33,1.3886976858,103.7429513548
CK34,1.3885772458,103.7410970484
CK35,1.3903269693,103.7423972761
CK36,1.3922859022,103.7410873265
CK37,1.3940529952,103.7422298478
CK38,1.3930853528,103.7447910811
CK39,1.3961472532,103.7442778025
CK3A,1.3794925303,103.7499803417
CK4,1.3801437034,103.7516624374
CK40,1.3953807621,103.7461473535
CK41,1.3909574199,103.7464570095
CK42,1.3927690420,103.7467303589
CK44,1.3925888350,103.7491367373
CK45,1.3945179409,103.7499668360
CK46,1.3952663103,103.7495321068
CK47,1.3952394503,103.7476994228
CK48,1.3974022344,103.7451677292
CK49,1.3987826049,103.7435230567
CK50,1.4004285839,103.7437464244
CK51,1.3996440372,103.7475904865
CK52,1.4006590301,103.7502363573
CK53,1.4015543884,103.7501863098
CK54,1.3981368406,103.7491167003
CK55,1.3971123380,103.7485089959
CK56,1.4011960465,103.7466707134
CK57,1.4022393535,103.7483237407
CK58,1.4018800103,103.7448790778
CK59,1.3768119174,103.7420381347
CK6,1.3807326977,103.7531055812
CK60,1.4042944339,103.7458738265
CK61,1.4040894198,103.7489175659
CK62,1.4038394863,103.7498899432
CK63,1.4028635014,103.7508843162
CK64,1.3997628341,103.7513029988
CK65,1.3920194608,103.7440358979
CK66,1.3940205880,103.7455590521
CK6A,1.3810353919,103.7531369268
CK7,1.3802822594,103.7519604994
CK70,1.3769332573,103.7381464901
CK71,1.3766878029,103.7386808463
CK72,1.3755588125,103.7409304946
CK73,1.3752829189,103.7434127930
CK74,1.3732971913,103.7432384988
CK75,1.3749824413,103.7445342256
CK76,1.3740404517,103.7462067380
CK77,1.3765572316,103.7467136802
CK78,1.3769877482,103.7493994255
CK79,1.3751237101,103.7497118530
CK8,1.3820860793,103.7471056611
CK8A,1.3812186067,103.7489785993
CK9,1.3814959738,103.7449178101
CK9A,1.3799885862,103.7475033014
CKM1,1.3835963556,103.7408247808
CKM2,1.3983848377,103.7467449495
CKM3,1.3811874181,103.7366415306
CKM4,1.3786379456,103.7379296598
CKM5,1.3793103007,103.7356957438
CKM6,1.3775354147,103.7357476044
CKM7,1.3759735599,103.7370709373
CKM8,1.3750499752,103.7383620906
CKM9,1.3773651916,103.7432965889
CKT1,1.3803150859,103.7385843859
CKT2,1.3856135812,103.7433362596
CLM,1.2924830120,103.8144006300
CLNA,1.3224147238,103.7630536989
CLRG,1.3190494118,103.7639856952
CLTR,1.3193599996,103.7651328329
CM1,1.2744580741,103.8392165728
CR1,1.3032708363,103.8633077225
CR1A,1.3036983571,103.8649585133
CR1B,1.3040360743,103.8653587076
CR2,1.3046835404,103.8656582202
CR29,1.3057837826,103.8567932598
CR3,1.3050686538,103.8643247953
CR30,1.3076001787,103.8549410240
CR31,1.3062497455,103.8546981936
CR7,1.3055339796,103.8623393288
CSM,1.2874380742,103.8411652063
CTM1,1.3147446650,103.7640729232
CV1,1.3883291628,103.9881780033
CV2,1.3899024827,103.9879889477
CV3,1.3899831182,103.9864868577
CVBK,1.3165164329,103.8610275980
CY,1.3006260281,103.8536648714
D0006,1.2791213614,103.8430766861
D0026,1.3058961266,103.8535673269
D0028,1.2893051001,103.8246543621
DRM1,1.2805131560,103.8115434920
DRM2,1.2812993757,103.8078530804
DRM3,1.2808383770,103.8098679131
DRM4,1.2808706521,103.8123659497
DRM5,1.2813318826,103.8094773832
DRS,1.2804697558,103.8129928199
DSR1,1.2984559910,103.8035376190
DSR2,1.2978947430,103.8053309930
DSRL,1.2973346290,103.8051481679
DUXM,1.2769773813,103.8410540704
DWSO,1.2964677181,103.8069432593
DWSP,1.2960732174,103.8119341597
DWST,1.2951867450,103.8119897331
DWSV,1.2953067954,103.8096168563
DWVT,1.2942254278,103.8101445078
E0023,1.3086487747,103.9362443048
E0024,1.3073484560,103.9358221382
E0027,1.3068935207,103.9299929215
EC2,1.3226157283,103.9044421252
EC3,1.3211567341,103.9044758153
EC4,1.3205164563,103.9026924444
EC7,1.3177837032,103.9016257468
EC8,1.3192268648,103.9032081051
ECM,1.3199976279,103.9016271361
ECM2,1.3198157546,103.9006496968
ECML,1.3212490956,103.9015373860
EI3,1.3188464673,103.8983796718
EPL,1.2771635535,103.8399126540
EPM,1.2761844361,103.8389082277
FR2C,1.3182783907,103.8077125645
FR3M,1.3166948314,103.8062105864
FR4M,1.3168757266,103.8075344914
FRM,1.3087586330,103.8613646622
G20L,1.3588753994,103.7293899882
GBM,1.3227723906,103.8686336757
GE1A,1.3198874888,103.8834377843
GE1B,1.3212054428,103.8869924796
GE1C,1.3197587897,103.8862991243
GE1F,1.3192099481,103.8842356431
GE1G,1.3209624088,103.8863088370
GE2,1.3179454218,103.8848394033
GE3,1.3175009923,103.8873632690
GE5,1.3165497803,103.8875652822
GEM,1.3200368136,103.8876026673
GEML,1.3199377423,103.8878497929
GHCM,1.3463249939,103.8900496622
GM1A,1.3126136389,103.7869256858
GM1M,1.3093544324,103.7843688762
GM2,1.3116014029,103.7881600788
GM2A,1.3108710407,103.7872643171
GM3,1.3111559046,103.7888530790
GM5,1.3103818530,103.7885108355
GM6A,1.3094925337,103.7887228638
GM6B,1.3096110711,103.7876523179
GMLM,1.3087283120,103.7858206208
GSM,1.3172067142,103.8983400966
GSML,1.3170312275,103.8984885039
H0003,1.3116896699,103.8617454199
H0015,1.3085901318,103.8540659519
H0022,1.3032004091,103.8390430235
H0024,1.2864010712,103.8473268348
H0057,1.3079594134,103.8544980305
H12,1.2919937731,103.8274090497
H14,1.2885117002,103.8324652116
H17,1.2881678576,103.8278571051
H18,1.2889897405,103.8269788154
H3,1.2910086869,103.8325153574
H3BL,1.3844716847,103.8822399963
H3DL,1.3850735040,103.8801281921
H4,1.2880938969,103.8293714054
H6,1.2913696641,103.8289835869
H8,1.2877269655,103.8309221380
H87L,1.3784968024,103.8785961639
H93L,1.3798003264,103.8807173007
HCM,1.2890460477,103.8215599400
HE1,1.2892221429,103.8223553935
HE12,1.2882100231,103.8186506241
HE17,1.2864230610,103.8203888343
HE19,1.2905406191,103.8209850767
HE24,1.2846680933,103.8209853332
HE3,1.2847190034,103.8217116935
HE4,1.2834709131,103.8227828558
HE9,1.2837073657,103.8211937567
HG1,1.3621655371,103.8941797232
HG10,1.3545477133,103.8904836392
HG11,1.3659590850,103.8949804286
HG12,1.3666951275,103.8981610290
HG13,1.3678351864,103.8985638449
HG14,1.3691978333,103.8964276602
HG15,1.3589608384,103.8867121678
HG16,1.3597264508,103.8880915107
HG17,1.3576754849,103.8879577328
HG18,1.3580562825,103.8889503706
HG19,1.3528453828,103.8838022842
HG1A,1.3786638474,103.9017851473
HG1B,1.3757208427,103.9006892414
HG1C,1.3778673668,103.9038618851
HG1D,1.3637433815,103.8941132661
HG1E,1.3626513260,103.8947155726
HG1F,1.3581131891,103.8871054450
HG2,1.3629162816,103.8920255123
HG20,1.3502835073,103.8864274785
HG22,1.3524734571,103.8804324131
HG23,1.3575125780,103.8915463341
HG24,1.3597981074,103.8916916986
HG29,1.3723422712,103.8990805201
HG2A,1.3763723182,103.9007207762
HG2B,1.3755299072,103.8824558385
HG2C,1.3701078117,103.8972275613
HG2D,1.3794071425,103.8871817608
HG30,1.3732591319,103.8969659028
HG31,1.3754154820,103.8965024657
HG32,1.3713790583,103.8860601684
HG33,1.3695677717,103.8843751242
HG34,1.3699424715,103.8815031476
HG35,1.3664897226,103.8889636911
HG36,1.3661185478,103.8876038590
HG37,1.3730086329,103.8873706676
HG38,1.3733933669,103.8902946532
HG39,1.3699433999,103.8859677801
HG3B,1.3842997435,103.8816244614
HG3D,1.3842111161,103.8796735939
HG3E,1.3851206888,103.8836580790
HG3L,1.3862096500,103.8816032910
HG4,1.3642304254,103.8909833816
HG41,1.3712761200,103.8793501497
HG42,1.3741610365,103.8834179399
HG43,1.3721131172,103.8843041506
HG44,1.3736487904,103.8863297059
HG45,1.3759038271,103.8861299662
HG46,1.3758578477,103.8869629695
HG47,1.3711840891,103.8939621807
HG48,1.3754251701,103.8940936948
HG49,1.3787933434,103.8947593164
HG5,1.3653553177,103.8923108470
HG50,1.3773318360,103.8913336674
HG51,1.3786510484,103.8901131413
HG52,1.3802826296,103.8897556015
HG53,1.3708718261,103.8907031187
HG54,1.3566443540,103.8843547431
HG55,1.3726834302,103.8932122038
HG56,1.3712032514,103.8901222601
HG60,1.3790043779,103.8911938027
HG61,1.3796540278,103.8891544454
HG62,1.3808269962,103.8885595880
HG64,1.3743412526,103.8862976413
HG67,1.3742926629,103.8958176124
HG68,1.3699244512,103.8918395167
HG69,1.3699807424,103.8929697698
HG7,1.3536529995,103.8878029683
HG70,1.3789735671,103.8885084119
HG71,1.3777026963,103.8863739324
HG73,1.3783044546,103.8835514501
HG74,1.3508201907,103.8880705080
HG75,1.3505915943,103.8889979276
HG76,1.3517580847,103.8794739944
HG77,1.3754541942,103.8842441231
HG78,1.3767756462,103.8832659344
HG79,1.3760480717,103.8804913426
HG80,1.3741901309,103.8790675130
HG86,1.3746614061,103.8805280391
HG87,1.3759209282,103.8778631957
HG88,1.3760428224,103.8885897444
HG89,1.3778423903,103.8940290228
HG9,1.3589105329,103.8845198967
HG90,1.3778814206,103.8778435138
HG91,1.3780174959,103.8802201209
HG92,1.3622990615,103.8900317962
HG93,1.3799782132,103.8801175026
HG94,1.3815610022,103.8806477877
HG95,1.3539778672,103.8901001843
HG96,1.3526812522,103.8897690694
HG97,1.3712221379,103.8947574111
HG98,1.3799740663,103.8776985543
HG99,1.3494346990,103.8890479251
HG9T,1.3586483876,103.8852386594
HLM,1.2847577556,103.8454908192
HR1,1.3114626355,103.8975454497
HR2,1.3126324574,103.8970287088
HR3,1.3139801309,103.8963876557
HR4,1.3146924062,103.8960013871
HR5,1.3130186461,103.8950993234
HRM,1.2875208652,103.8213559325
HVM,1.2898694822,103.8277183712
J0017,1.3089312793,103.9034259738
J0054,1.3135186604,103.8591949584
J0055,1.3416072968,103.7749835214
J0092,1.3733164289,103.8290274381
J0100,1.2740710680,103.7955152981
J0122,1.3988702482,103.8729802088
J1,1.3364297230,103.7380982651
J10,1.3420166825,103.7400936544
J11,1.3429196670,103.7399376555
J12,1.3433629253,103.7382609053
J14,1.3440938401,103.7390798153
J15,1.3440418113,103.7414179396
J16,1.3444010819,103.7356433347
J17,1.3456690799,103.7354734286
J18,1.3468907568,103.7348450722
J19,1.3479257921,103.7339566315
J2,1.3386077601,103.7367713135
J20,1.3462038381,103.7324764463
J21,1.3490641296,103.7298694479
J22,1.3513203520,103.7301985030
J23,1.3500283203,103.7320158983
J23M,1.3490191909,103.7321332392
J24,1.3457325559,103.7310609344
J25,1.3448639687,103.7316456319
J26,1.3449218598,103.7305968243
J27,1.3468873358,103.7166693829
J29,1.3486261612,103.7169183264
J3,1.3394948366,103.7354847793
J32,1.3458066607,103.7204749046
J33,1.3457744897,103.7178798666
J34,1.3470676633,103.7200857458
J35,1.3481171568,103.7195175941
J36,1.3521719204,103.7154564445
J37,1.3512959617,103.7158017959
J38,1.3491180939,103.7185854668
J39,1.3501574989,103.7213474850
J4,1.3375301694,103.7419026010
J40,1.3500297323,103.7228783923
J41,1.3482894563,103.7220323105
J43,1.3479248545,103.7252685228
J44,1.3468476107,103.7246364978
J45,1.3489851814,103.7267854466
J46,1.3497541373,103.7190583659
J47,1.3502574761,103.7180208266
J48,1.3521727671,103.7184799338
J49,1.3534557987,103.7189494838
J49M,1.3537825820,103.7196759807
J5,1.3383144752,103.7424181742
J50,1.3537072092,103.7225209405
J51,1.3535560741,103.7246295136
J52,1.3514607566,103.7247228291
J53,1.3507409504,103.7267263760
J54,1.3499265715,103.7245099480
J55,1.3486373147,103.7242908939
J56,1.3348926472,103.7393110914
J57,1.3339761173,103.7391198802
J57L,1.3344675921,103.7398580011
J6,1.3390681001,103.7388514289
J60L,1.3497546145,103.7178722795
J60M,1.3493549093,103.7179010460
J61,1.3400767801,103.6884249080
J62,1.3408897823,103.6854076396
J62M,1.3398730275,103.6865553709
J63,1.3417792629,103.6864427877
J64,1.3444733459,103.7318523599
J65,1.3427704873,103.6892958327
J66,1.3412980394,103.6911289087
J67,1.3416439886,103.6927622681
J68M,1.3420559300,103.6919224762
J69,1.3396873973,103.6936406567
J7,1.3415438730,103.7380331496
J70,1.3436870355,103.6935087345
J71,1.3462276476,103.6941744176
J72,1.3472672850,103.6977337942
J73,1.3439953860,103.6982220853
J74,1.3426645841,103.6961122934
J74M,1.3428451202,103.6968538766
J75M,1.3441944892,103.6931174015
J76M,1.3443282800,103.6945711264
J77M,1.3474454235,103.6985606191
J78M,1.3415658550,103.6951232812
J79M,1.3465010836,103.6949388063
J8,1.3404301944,103.7415740390
J80M,1.3455473430,103.7009694930
J81M,1.3495914591,103.7001773249
J82M,1.3458500077,103.6924501001
J83M,1.3502206530,103.6950644423
J84M,1.3477246831,103.6964785575
J85M,1.3499771896,103.6962348751
J86M,1.3499622724,103.6990901057
J88M,1.3416792677,103.7072061893
J89M,1.3423753451,103.7059007915
J8M,1.3406469796,103.7424265221
J9,1.3421224352,103.7420009209
J90,1.3415471371,103.7474601006
J91,1.3375372200,103.7441050520
J92,1.3375577649,103.7468563918
J93,1.3392410458,103.7451401688
J94,1.3396922644,103.7431661192
J95,1.3401003006,103.7470868836
J96,1.3415185654,103.7449583160
J97,1.3424013440,103.7459463787
J98M,1.3397788018,103.6968569758
J99M,1.3397333028,103.6960429758
JB1,1.3024018255,103.8827865842
JB2,1.3016276067,103.8829967137
JB3,1.3005250402,103.8842884132
JB4,1.3034832207,103.8831688305
JBM,1.2792629709,103.8271885788
JBM2,1.2802444113,103.8252796242
JCM,1.3152529514,103.8988560032
JCML,1.3151550770,103.8986345782
JKM,1.2872568480,103.8389731542
JKS,1.2881646235,103.8396403910
JM1,1.3450705394,103.7206503768
JM10,1.3389486785,103.6972874590
JM11,1.3417967900,103.7041489564
JM12,1.3411209711,103.6984363935
JM13,1.3394709471,103.6997449261
JM14,1.3424006744,103.6987695922
JM15,1.3408888289,103.7000824337
JM16,1.3372155637,103.7021230279
JM17,1.3353138255,103.7040861281
JM18,1.3429966285,103.6995292553
JM19,1.3519736921,103.7028211437
JM2,1.3439355404,103.7049636039
JM20,1.3353770863,103.7009564655
JM21,1.3370745668,103.6971779268
JM22,1.3447485420,103.7025917482
JM23,1.3535626885,103.7037874056
JM24,1.3352874844,103.6980598303
JM25,1.3443036801,103.7006281824
JM26,1.3455725472,103.7031337430
JM27,1.3463047674,103.7045844633
JM28,1.3353272225,103.6956878161
JM29,1.3370050642,103.6945045397
JM3,1.3445890472,103.7060668365
JM30,1.3504991264,103.7038848139
JM31,1.3420131074,103.6975823726
JM32,1.3415999343,103.7080808540
JM33,1.3356806637,103.6924424678
JM4,1.3444418939,103.7039127203
JM5,1.3394851243,103.7031426444
JM6,1.3392138574,103.7017650284
JM7,1.3424859281,103.7030064568
JM8,1.3413442508,103.7015025979
JM9,1.3386592121,103.6968178715
JMB1,1.2819348922,103.8270175473
JMB2,1.2851351443,103.8267956001
JMB3,1.2825962911,103.8255985281
JRM,1.3071670199,103.8618541750
JRTM,1.2893587270,103.8103276899
JS1L,1.3410713662,103.7059222940
JS33,1.3351492431,103.6936630420
JS3L,1.3416673655,103.6986098517
JS4L,1.3376994723,103.7216184039
JS5L,1.3392242585,103.6969979397
JSA1,1.3484178518,103.7252128810
JSR2,1.3432796317,103.7049274407
K0037,1.3102875316,103.8615550331
K0039,1.3100117176,103.8619525407
K0082,1.3060643999,103.8673152052
K0111,1.3097434367,103.8532569434
K0121,1.3065791640,103.8540518138
K10,1.3094153648,103.8844164510
K19,1.3078622926,103.8893036234
K2,1.3087364755,103.8823513067
K2T,1.3075380134,103.8835436324
K52,1.3105949571,103.8845028236
K7,1.3088945189,103.8860169104
KAM,1.2819551401,103.8432993942
KAML,1.2823301623,103.8432576378
KAS,1.2805721095,103.8427729272
KB1,1.3235736040,103.8689002922
KB10,1.3189033040,103.8635925588
KB11,1.3205826811,103.8637219958
KB12,1.3191062002,103.8615866470
KB14,1.3205577050,103.8700618769
KB17,1.3176641203,103.8629101715
KB18,1.3227033008,103.8657335142
KB20,1.3237494774,103.8664425942
KB3,1.3208280346,103.8696551242
KB4,1.3231299606,103.8706830170
KB7,1.3215857813,103.8704783639
KBM,1.3202392875,103.8691246240
KBRM,1.3137176965,103.8743163861
KE1,1.3297527797,103.9089060909
KE2,1.3325052471,103.9104142740
KE3,1.3339093229,103.9119595748
KE3M,1.3340211416,103.9114100626
KE4,1.3336670999,103.9132461064
KEM1,1.3089166922,103.8525142617
KJ1,1.3136338339,103.8520412165
KJ2,1.3132506545,103.8506799460
KJ3,1.3144266159,103.8499305947
KJ4,1.3165869079,103.8514701852
KJM1,1.3160936666,103.8487958989
KJM2,1.3116793445,103.8520472115
KJML,1.3122208822,103.8516064394
KLM,1.3062670009,103.8568008193
KM1,1.3101121410,103.8839461416
KM2,1.3087708200,103.8877370562
KM3,1.3085177634,103.8829283974
KM4,1.3084925526,103.8853628088
KM5,1.3099969543,103.8855490918
KM6,1.3094690290,103.8881148549
KM6L,1.3106250195,103.8878479779
KPRM,1.3168249422,103.8599709145
KRM,1.3113925840,103.8733419709
KTM,1.2830693827,103.8286510202
KTM2,1.2834464796,103.8274761660
KTM3,1.2806394355,103.8286480289
KTM4,1.2814814461,103.8272973128
KTM5,1.2825290974,103.8294613900
KTM6,1.2818564522,103.8292434424
KU1,1.3294953549,103.9030838108
KU2,1.3276735500,103.9043451761
KU3,1.3264214380,103.9024515588
KU4,1.3255547221,103.9000513590
KU9,1.3299081273,103.9010898047
KUM1,1.3272180641,103.8990918421
KUM2,1.3290378029,103.8987482748
L0064,1.3138418923,103.8798420777
L0078,1.3191579616,103.9118781327
L0104,1.3902114129,103.9873209116
L0107,1.3137312535,103.8794414547
L0116,1.3129719280,103.8805159224
L0117,1.3154114086,103.8828291320
L0123,1.3132431536,103.8764659217
L0124,1.3150916783,103.8894333495
L0125,1.3150474541,103.8871418188
L1,1.3495058319,103.8753545564
LBM,1.2893340477,103.8152203314
LT1,1.3233181492,103.9115057172
LT2,1.3239081743,103.9108736946
LT3,1.3250359306,103.9104926074
M0040,1.3051668626,103.8495557473
M0059,1.3058536755,103.8475647241
M0076,1.3252001004,103.8489084155
M0078,1.2665572189,103.8203709854
M0084,1.2746496875,103.8494727710
M0088,1.3004199971,103.8030164003
M1,1.3230747812,103.8864363883
M16,1.3284561389,103.8864871167
M20,1.3275904527,103.8872655618
M25,1.3242254444,103.8881777110
M3,1.3298680866,103.8868970418
M32,1.3223128713,103.8827929695
M33,1.3232457924,103.8821726710
M35,1.3272818523,103.8859150360
M36,1.3265095625,103.8854007538
M37,1.3276774089,103.8856050736
M38,1.3271530487,103.8874766650
M4,1.3290227941,103.8876597018
MLM,1.2933650054,103.8034545211
MLM1,1.2920319700,103.8035301687
MM1,1.3304551004,103.8870636251
MM2,1.3243396876,103.8860942497
MM3,1.3262662778,103.8880185843
MM4,1.3291690567,103.8855059278
MM6,1.3243040481,103.8900961725
MM7,1.3254655032,103.8898944251
MM7L,1.3252580065,103.8888355208
MN1,1.3220294736,103.8592002299
MN2,1.3180496888,103.8563684204
MNM,1.3210421548,103.8598353822
MNRM,1.3205402151,103.8594305323
MP1,1.3048183600,103.9175221733
MP12,1.3031546711,103.9075613223
MP13,1.3016863732,103.9088509329
MP14,1.3025451758,103.9069506873
MP15,1.3026824722,103.9059786145
MP16,1.3018834339,103.9065420782
MP17,1.3066404173,103.9162677256
MP19,1.3012859111,103.9064002149
MP1M,1.3029669836,103.9099136320
MP2,1.3042246144,103.9166576503
MP2M,1.3036365210,103.9128795693
MP3M,1.3043572955,103.9153408154
MP4M,1.3039966137,103.9141971934
MP5,1.3061096469,103.9161651967
MP5M,1.3054480244,103.9124783669
MP5S,1.3046720375,103.9125692476
MP6,1.3054965796,103.9163814243
MP7,1.3055812783,103.9146887909
MR4,1.3079140432,103.8599731043
MR5,1.3081555033,103.8607917504
MR6,1.3071674063,103.8605365019
MR7,1.3075628847,103.8603921769
N0006,1.2793383110,103.8419127417
N0012,1.3060825735,103.8635558006
N0013,1.3004003577,103.8566466259
N12L,1.3690776401,103.9342550106
NBRM,1.3040036167,103.8630104400
NT1,1.3611959653,103.9362759121
NT12,1.3695448100,103.9334712912
NT13,1.3675437196,103.9341017487
NT14,1.3706364170,103.9359911700
NT15,1.3397415900,103.9371716498
NT2,1.3620583765,103.9363845117
NT3,1.3640245553,103.9363249124
NT4,1.3654317477,103.9362365227
NT5,1.3616613990,103.9399014697
NT6,1.3673373188,103.9417919873
NT6L,1.3680742272,103.9413482445
NT7,1.3660046706,103.9429821841
NT7L,1.3651149080,103.9426463942
NT8,1.3659712453,103.9401916926
NT9,1.3667088586,103.9441642861
NTL,1.3625494166,103.9360887515
P0013,1.2751330286,103.8481916185
P0048,1.2833483598,103.8405378491
P0054,1.2761995903,103.7913101614
P0075,1.3099941806,103.8627647294
P0093,1.2767043723,103.7956601694
P0094,1.2789022091,103.7856024825
P0096,1.2998087492,103.8421252739
P0106,1.2915978691,103.7681250437
P0109,1.3845964154,103.9438930717
P0111,1.3017596502,103.8608656547
P0113,1.2753574846,103.7924744182
P0117,1.2774732980,103.8452672513
P1,1.3993368546,103.9070237258
P11,1.3212042144,103.7483558580
P12,1.3205673949,103.7481940964
P13,1.3206901598,103.7504078461
P14,1.3193536178,103.7491754011
P15,1.3198348225,103.7481481766
P16,1.3198823806,103.7471648051
P17,1.3188214675,103.7473839667
P2,1.4001046189,103.9060288238
P3,1.3984568370,103.9057744587
P34L,1.4045253631,103.9074225119
P35L,1.4022418712,103.9076224922
P4,1.3972271617,103.9056228988
P40L,1.3781012290,103.9359329108
P5,1.3968775547,103.9076418963
P5L,1.3974837242,103.9077504171
P6,1.3953685695,103.9094623434
P6L,1.3955982538,103.9100857518
P7,1.3954279668,103.9064701529
P71L,1.4030316355,103.9159026136
P73L,1.4027378966,103.8919472993
P76L,1.4123215469,103.8992395946
P77L,1.4001120866,103.9192977638
P8,1.3942284462,103.9109139068
P88L,1.4174557163,103.9108725135
P89L,1.4193393130,103.9119049688
P9,1.3929239184,103.9125374583
PD8W,1.4431164400,103.7910463068
PDC4,1.3778877152,103.7387460775
PDC5,1.3915752693,103.7433702062
PDJ3,1.3347153914,103.7204150770
PDJ7,1.3489615907,103.6979100645
PDL2,1.4028669910,103.9130973070
PDP4,1.3837675231,103.7713712396
PDP5,1.3854160932,103.7660721238
PDQ5,1.2926793298,103.8109824242
PDR2,1.3669259777,103.9645501544
PDR6,1.3779111716,103.9417394363
PDR7,1.3797395060,103.9362361216
PDS1,1.3854699982,103.9018338580
PDT8,1.3553703677,103.9345107798
PDW5,1.4307681685,103.7941461022
PDW7,1.4454622849,103.7980605915
PDW8,1.4381363821,103.7951514477
PL10,1.3966475919,103.9103061940
PL11,1.3981144128,103.9086505502
PL12,1.3923706667,103.9094061273
PL13,1.3935886554,103.9103894045
PL14,1.4023968775,103.9050494501
PL15,1.3948625188,103.9125849528
PL16,1.3986088573,103.9093683259
PL17,1.3987172907,103.9163888740
PL18,1.3960928474,103.9143165150
PL19,1.3996847723,103.9101039109
PL20,1.3995558665,103.9151958930
PL21,1.3949707847,103.9154657519
PL22,1.3977398982,103.9159112480
PL23,1.3997668965,103.9036886301
PL24,1.3995519599,103.9083360433
PL25,1.3955198255,103.9117777047
PL26,1.3972838421,103.9153032314
PL27,1.3984631405,103.9030728552
PL28,1.4020092036,103.9065160423
PL29,1.4005388469,103.9132659674
PL30,1.3943539447,103.9140938417
PL31,1.4036785832,103.9061980230
PL32,1.4048472499,103.9046066662
PL33,1.4012553869,103.9098906658
PL34,1.4038622805,103.9079824732
PL35,1.4031193293,103.9072935067
PL36,1.4060197574,103.9062230564
PL37,1.4032349137,103.9096571400
PL38,1.4045992305,103.9086339376
PL39,1.4040002035,103.8979528035
PL40,1.4037210634,103.8991503314
PL41,1.4026510883,103.9019426804
PL42,1.4021264239,103.9116972566
PL43,1.4017143985,103.9030958327
PL44,1.3988565566,103.9013287532
PL45,1.3936293802,103.9145002377
PL46,1.4002594317,103.9116298415
PL47,1.4006269775,103.9009163284
PL48,1.4030051178,103.9003837665
PL49,1.3993438604,103.9003822947
PL50,1.4014192894,103.8994382176
PL51,1.4000278960,103.8986491992
PL52,1.4102137567,103.9014694072
PL53,1.4052986453,103.8981752618
PL54,1.4045062262,103.8953443211
PL55,1.4054048056,103.8968415687
PL56,1.4070699794,103.9117298620
PL57,1.4019208645,103.9146872045
PL58,1.3999148394,103.9167907327
PL59,1.4081093216,103.8987606727
PL60,1.4058229986,103.9132581035
PL61,1.4061149024,103.9088898667
PL62,1.4055339263,103.8955284320
PL65,1.4097624478,103.8997227896
PL66,1.3935832922,103.9083695310
PL67,1.4084738701,103.8975134181
PL68,1.4028497771,103.8956389998
PL69,1.4025347595,103.9176145858
PL70,1.4030007739,103.8932405177
PL71,1.4040028239,103.9157715364
PL75,1.4134499069,103.8987514290
PL77,1.4010123109,103.9195520448
PL78,1.4112200458,103.8975049163
PL79,1.3990865714,103.9212632919
PL84,1.3978246062,103.9204417309
PL85,1.4144265295,103.9003385589
PL86,1.4179543758,103.9058503389
PL87,1.4193939666,103.9061896674
PL88,1.4174921152,103.9103847245
PL89,1.4189306060,103.9109754339
PL90,1.4178182414,103.9125621976
PM10,1.3667464214,103.9624739646
PM11,1.3647932754,103.9634570184
PM12,1.3649054930,103.9650289033
PM13,1.3664735548,103.9595977417
PM14,1.3647084328,103.9601053979
PM15,1.3641601337,103.9616771103
PM16,1.3623587331,103.9627206069
PM17,1.3628388914,103.9597583334
PM18,1.3647565501,103.9568798277
PM19,1.3679567776,103.9570227385
PM2,1.3700730656,103.9610128505
PM20,1.3680416334,103.9474560317
PM21,1.3711969823,103.9494154254
PM22,1.3685624312,103.9522137422
PM23,1.3686817553,103.9495037477
PM24,1.3671851799,103.9513153190
PM25,1.3763901312,103.9456088898
PM26,1.3738675729,103.9439927402
PM27,1.3739601889,103.9465959697
PM28,1.3747001093,103.9477660061
PM29,1.3773336408,103.9433737329
PM3,1.3718003498,103.9609330017
PM30,1.3757453840,103.9421771869
PM32,1.3793067736,103.9400987243
PM33,1.3770658998,103.9399313689
PM34,1.3780006051,103.9387119702
PM35,1.3807695117,103.9386413905
PM36,1.3824165586,103.9370705498
PM37,1.3819247877,103.9360195201
PM38,1.3789475812,103.9372425416
PM4,1.3741059191,103.9614427136
PM40,1.3779476132,103.9353836656
PM41,1.3788374116,103.9340874482
PM43,1.3772363788,103.9331362545
PM44,1.3759656182,103.9332995286
PM45,1.3746019549,103.9359048939
PM46,1.3732245869,103.9383869887
PM5,1.3737703531,103.9626080128
PM6,1.3708200282,103.9634124344
PM7,1.3675576382,103.9632499216
PM8,1.3716359902,103.9602559420
PM9,1.3682919671,103.9612160616
PP1,1.3340049021,103.8692139597
PP2,1.3326801448,103.8660545141
PP3,1.3336019835,103.8658445281
PP4,1.3347329119,103.8661192373
PP5,1.3363131016,103.8632228585
PP6,1.3322837360,103.8676146508
PP9T,1.3321946783,103.8660600868
PR1,1.3673318396,103.9579998023
PR10,1.3737389561,103.9571828342
PR12,1.3687136904,103.9526829710
PR13,1.3694763858,103.9496188288
PR14,1.3666860888,103.9514926988
PR2,1.3672748025,103.9554427895
PR3,1.3710634229,103.9507156303
PR4,1.3729346461,103.9545204887
PR6,1.3693790590,103.9575940051
PR7,1.3710094121,103.9576850826
PR8,1.3712678408,103.9595744176
PRM,1.2854503678,103.8422700081
PRS1,1.3680171564,103.9603263377
Q0006,1.2999226817,103.8533632593
Q0008,1.3046789410,103.8021651248
Q16,1.2969337257,103.8037166797
Q17,1.2962063465,103.8038246033
Q19,1.2947010066,103.8032580129
Q41,1.2943452394,103.8092235523
Q65,1.3055238205,103.7987538542
Q66,1.3067047897,103.7994973473
Q67,1.3071728124,103.8005433400
Q68,1.3068774262,103.7990046715
Q70,1.3073460706,103.8005492718
Q73,1.3062533085,103.8003916655
Q75M,1.3083119293,103.7936988783
Q77M,1.3115932040,103.7920155545
Q8,1.2942064144,103.7995693396
Q80,1.3085364814,103.7927017069
Q81,1.3075367429,103.7931643204
Q84,1.3067809878,103.7966731853
Q85,1.3082345910,103.7920456704
Q86,1.2945634817,103.8038718686
Q87,1.3088789371,103.7962384095
Q88,1.2929905607,103.8005596599
Q89,1.3062461349,103.7950497953
Q94,1.3076378079,103.8005611055
Q96,1.2953471669,103.8044052501
RC1,1.3285468099,103.8515537037
RC2,1.3276877468,103.8530706342
RC3,1.3282855438,103.8545641246
RCM,1.3072102800,103.8553524405
RHM,1.2864639275,103.8185776052
RHM2,1.2870082445,103.8169073242
RHM3,1.2879157770,103.8172732482
RHM4,1.2879887722,103.8158172217
RHS,1.2882886138,103.8156163958
S0020,1.3722654677,103.8288231858
S0049,1.3148874577,103.8585875714
S0055,1.3627998667,103.8663258783
S0106,1.3566926858,103.8360631780
S0108,1.3186024747,103.8506779855
S0112,1.2680395173,103.8175959821
S0150,1.3024545607,103.8605881958
S0166,1.4536994108,103.8331434218
S0171,1.2756889219,103.8350591497
S100,1.3968683411,103.8817150322
S102,1.3892739738,103.9076001142
S103,1.3963388421,103.8952872245
S104,1.3902443442,103.8930517873
S105,1.3897226991,103.8944574348
S106,1.3814023960,103.8900791730
S107,1.3991578704,103.8897047395
S108,1.3980764550,103.8969495307
S109,1.3915719868,103.8798987349
S110,1.3933026077,103.8866211189
S111,1.3918147456,103.8712438790
S113,1.3931035636,103.8856565540
S114,1.3942085312,103.8696235954
S115,1.3940612066,103.8714493149
S116,1.3883249512,103.8712182076
S117,1.3903036982,103.8704524675
S118,1.3981368437,103.8763829565
S119,1.3871193185,103.9110839638
S120,1.3968220896,103.8884702486
S13L,1.3943101239,103.8870209572
S14L,1.3935681564,103.8842873366
S16L,1.3980382156,103.8768218935
S19L,1.4513660568,103.8209113968
S24L,1.4531611102,103.8237047131
S28L,1.4548200839,103.8167550427
S30L,1.3945617002,103.8948302254
S36L,1.4478377099,103.8336204990
S38L,1.4455889553,103.8328274075
S39L,1.3739074487,103.8717519151
S40L,1.4465179239,103.8297320404
SAM,1.2925635490,103.8118774507
SAM2,1.2939801138,103.8109804100
SB1,1.4464802870,103.8220572791
SB10,1.4524959875,103.8153929461
SB11,1.4517759782,103.8166619481
SB12,1.4531650656,103.8190629261
SB13,1.4543523817,103.8164254898
SB15,1.4489271806,103.8166936267
SB16,1.4482824208,103.8173103678
SB17,1.4509081142,103.8236899541
SB18,1.4489311212,103.8137014429
SB19,1.4515916428,103.8213576664
SB2,1.4464483348,103.8205027333
SB20,1.4502717326,103.8225080185
SB21,1.4517812856,103.8142356398
SB22,1.4511675572,103.8202882923
SB23,1.4500353807,103.8183892429
SB24,1.4524169122,103.8235313849
SB25,1.4501900594,103.8247869649
SB26,1.4564650181,103.8152239530
SB27,1.4566224165,103.8173964717
SB28,1.4548633393,103.8156384095
SB29,1.4530310352,103.8200839080
SB3,1.4449556775,103.8187726185
SB30,1.4554680859,103.8135397763
SB31,1.4555266791,103.8145231892
SB32,1.4503668723,103.8263138648
SB33,1.4512138979,103.8274328683
SB34,1.4546450335,103.8135215967
SB35,1.4457165695,103.8316017745
SB36,1.4474343157,103.8339823275
SB37,1.4491498240,103.8327386636
SB38,1.4446430469,103.8326927329
SB39,1.4477832787,103.8322053097
SB4,1.4440797074,103.8212731647
SB40,1.4460719694,103.8287032407
SB41,1.4461829831,103.8137525951
SB42,1.4443661658,103.8162581405
SB43,1.4450726705,103.8299243285
SB44,1.4518274121,103.8320893943
SB45,1.4433848776,103.8307589124
SB46,1.4459880599,103.8343565479
SB47,1.4485951270,103.8297476826
SB48,1.4408072538,103.8285584298
SB49,1.4444940787,103.8285148149
SB5,1.4461198447,103.8181970015
SB6,1.4453412009,103.8225551339
SB7,1.4466286839,103.8150066078
SB8,1.4471119774,103.8172263479
SB9,1.4476704342,103.8154883606
SD1,1.3165726780,103.8770832732
SD11,1.3163856904,103.8794487663
SD2,1.3169224596,103.8783648643
SD3,1.3173299645,103.8792476170
SD4,1.3165783476,103.8802418082
SD5,1.3177689205,103.8799148837
SD9,1.3117614700,103.8734959350
SDM,1.3124602116,103.8744514086
SDM2,1.3161327950,103.8784550610
SE11,1.3702260011,103.8734193962
SE12,1.3578438575,103.8730890627
SE13,1.3565716827,103.8703301888
SE14,1.3545522237,103.8699887081
SE15,1.3528949262,103.8694100754
SE16,1.3526188901,103.8677199321
SE17,1.3517144410,103.8677094403
SE18,1.3501974829,103.8704640589
SE19,1.3547449134,103.8736912310
SE20,1.3515775677,103.8720987967
SE21,1.3534361812,103.8720160865
SE22,1.3541567316,103.8721288273
SE23,1.3540499068,103.8708389302
SE24,1.3527643971,103.8714941926
SE25,1.3463102491,103.8727233915
SE26,1.3489617112,103.8741398165
SE27,1.3483947532,103.8762489105
SE28,1.3481957062,103.8736232572
SE29,1.3499026871,103.8757992853
SE31,1.3715119709,103.8736719070
SE32,1.3722848009,103.8722967378
SE33,1.3741617383,103.8726078285
SE34,1.3740981072,103.8746333286
SE35,1.3730991180,103.8762529602
SE37,1.3715875511,103.8748889675
SE38,1.3739532452,103.8757152783
SE39,1.3735036718,103.8717029033
SE40,1.3725409566,103.8700229570
SE41,1.3740476541,103.8702120403
SE42,1.3708797396,103.8751046985
SE43,1.3704946268,103.8756824052
SE4S,1.3669872867,103.8732795520
SE50,1.3539013435,103.8686103708
SE51,1.3552098605,103.8723824684
SE52,1.3568895319,103.8716334117
SE53,1.3693911561,103.8750712109
SE5L,1.3694026719,103.8753455598
SE9,1.3684173421,103.8744598639
SG1,1.3232280336,103.8610063217
SG2,1.3241162396,103.8622120609
SG3,1.3251470003,103.8621766860
SG4,1.3233078537,103.8631035943
SGLM,1.3226623839,103.8602290329
SGTM,1.3220346880,103.8628371034
SH1,1.3507449262,103.8382975892
SH2,1.3519652626,103.8369688037
SI1,1.3411094379,103.9513178564
SI10,1.3455699791,103.9571232205
SI11,1.3451725698,103.9592649063
SI12,1.3458702648,103.9589284100
SI13,1.3419793600,103.9571114151
SI2,1.3440114711,103.9519156244
SI4,1.3448566047,103.9522749307
SI6,1.3469018246,103.9556254307
SI7,1.3474296843,103.9562922030
SI8,1.3472093068,103.9571221009
SI9,1.3457753475,103.9554394618
SIM1,1.3431645424,103.9504537994
SIM2,1.3461064601,103.9539196752
SIM3,1.3453701773,103.9581662598
SIM4,1.3435931830,103.9535463840
SIM5,1.3425272904,103.9522804807
SIM6,1.3429664552,103.9589437204
SK1,1.3884172597,103.9041674700
SK10,1.3902640175,103.8982360372
SK11,1.3884031811,103.8994634835
SK12,1.3832014796,103.9006580393
SK13,1.3881741101,103.9007435939
SK14,1.3898150362,103.9053373207
SK15,1.3936038427,103.8995341802
SK16,1.3837297041,103.9009037659
SK17,1.3928213907,103.8987068175
SK18,1.3946789699,103.9045509852
SK19,1.3947732529,103.9024281570
SK2,1.3902834068,103.9001141454
SK20,1.3940951516,103.9038709996
SK21,1.3828302395,103.9031088524
SK22,1.3872244484,103.9052154116
SK23,1.3862233734,103.9060946827
SK24,1.3937143837,103.9067576928
SK25,1.3929209702,103.8979557964
SK26,1.3935143423,103.8965586162
SK27,1.3848559723,103.9034401202
SK28,1.3870087192,103.8959007635
SK29,1.3880225732,103.8953899367
SK3,1.3860441807,103.8974258739
SK30,1.3937198420,103.8958412889
SK31,1.3932082235,103.9025658796
SK32,1.3876583459,103.8921643735
SK33,1.3883315022,103.8923996986
SK34,1.3966809496,103.9019708490
SK35,1.3951935711,103.8998435686
SK36,1.3888534292,103.8915411284
SK37,1.3874486506,103.8906086556
SK38,1.3947766801,103.8946894191
SK39,1.3962605919,103.8980614050
SK4,1.3821330181,103.9000620729
SK40,1.3904467559,103.8884033981
SK41,1.3887279540,103.8877761605
SK42,1.3878792046,103.8893330995
SK43,1.3964681241,103.8971816571
SK44,1.3894943709,103.8863803037
SK45,1.3976005196,103.8987381796
SK46,1.3921991957,103.8851113818
SK47,1.3903581193,103.8851823239
SK48,1.3902040655,103.8915078018
SK49,1.3905130202,103.8904557627
SK5,1.3876784878,103.9027450699
SK50,1.3932748493,103.8925612323
SK51,1.3936125125,103.8914760568
SK52,1.3926975290,103.8899976822
SK53,1.3925584790,103.8873740409
SK54,1.3920550439,103.9083126809
SK55,1.3871444368,103.9077694419
SK58,1.3894447199,103.8782120283
SK59,1.3954336679,103.8958421977
SK6,1.3894673245,103.9009373638
SK60,1.3877595832,103.8732599675
SK61,1.3881775375,103.8748370652
SK62,1.3888827807,103.8767194791
SK63,1.3840466101,103.8979773198
SK64,1.3843909869,103.8957422409
SK65,1.3836471836,103.8970058794
SK66,1.3916668415,103.9069384826
SK67,1.3819478982,103.8970957670
SK68,1.3830653872,103.8942424310
SK69,1.3925062248,103.8763340434
SK7,1.3890692026,103.8979911872
SK70,1.3842957031,103.8947422122
SK71,1.3820774690,103.8941882452
SK72,1.3851413505,103.8938881855
SK73,1.3861118971,103.8942446717
SK74,1.3921683906,103.8775962148
SK75,1.3916101019,103.8751109821
SK76,1.3853276739,103.9001085530
SK77,1.3903156800,103.8765327539
SK78,1.3916838991,103.8740702868
SK79,1.3861347543,103.9000397923
SK8,1.3898333736,103.9021881488
SK80,1.3939219929,103.8765260190
SK81,1.3920275267,103.8732757571
SK82,1.3908424987,103.9090187843
SK83,1.3941894073,103.8734051179
SK84,1.3898977159,103.9100470760
SK85,1.3942402489,103.8781372628
SK86,1.3943812008,103.8771599554
SK87,1.3931520218,103.8731219968
SK88,1.3940211031,103.8741039347
SK89,1.3948696733,103.8885479824
SK9,1.3908141653,103.9059217552
SK90,1.3948524363,103.8923578684
SK91,1.3855235976,103.8914954354
SK92,1.3861697182,103.8929152021
SK93,1.3939518722,103.8753818192
SK94,1.3963498474,103.8893370608
SK95,1.3979703351,103.8898571805
SK96,1.3929133696,103.8782509358
SK97,1.3928604331,103.8862411585
SK98,1.3896489828,103.8800827771
SK99,1.3970913852,103.8785554864
SLS,1.2816757993,103.8429770073
SM1,1.3579180845,103.8393281951
SM3,1.3547051408,103.8390665979
SM9,1.3554953117,103.8368427438
SMM,1.2933224327,103.8075822257
SPM,1.2739258167,103.8356316192
SPS,1.2750954613,103.8361730863
SS1L,1.3990531773,103.8892294731
STAM,1.2928501910,103.8099398413
STM1,1.2902642775,103.8031927142
STM2,1.2898290996,103.8037023747
STM3,1.2898270513,103.8033264960
T0017,1.2869316650,103.8246408983
T0103,1.3128601116,103.9008128368
T0129,1.3168901824,103.8952293157
T0140,1.3068395613,103.8960810978
T1,1.3475709577,103.9469425868
T11,1.3508262061,103.9433169851
T12,1.3510860100,103.9457646070
T13,1.3490239874,103.9457387353
T15,1.3532075642,103.9527615788
T16,1.3525500507,103.9523120545
T17,1.3519836464,103.9532687149
T18,1.3531859031,103.9539393897
T19,1.3545340856,103.9533458847
T20,1.3562145095,103.9473602779
T24,1.3544353264,103.9472789790
T25,1.3526707593,103.9471079748
T26,1.3522209278,103.9490982058
T27,1.3530053637,103.9481913268
T28,1.3542292340,103.9493984066
T29,1.3540288869,103.9509670628
T3,1.3466407022,103.9474421943
T30,1.3510639815,103.9494155841
T31,1.3511235364,103.9479787069
T32,1.3489435958,103.9504465065
T34,1.3489116275,103.9526857911
T35,1.3488833307,103.9542376740
T37,1.3467565734,103.9363733647
T38,1.3503210302,103.9405361777
T39,1.3456852936,103.9404897818
T4,1.3454200182,103.9498141999
T41,1.3482322059,103.9353116629
T42,1.3492885418,103.9327240756
T43,1.3511513824,103.9343341175
T44,1.3507122253,103.9353733293
T45,1.3530664095,103.9352058367
T46,1.3524976219,103.9365303255
T47,1.3549124649,103.9368989339
T47A,1.3549084081,103.9351143617
T47L,1.3560437447,103.9395425798
T48,1.3538868384,103.9328499922
T49,1.3519908805,103.9314300004
T49A,1.3514152142,103.9334184109
T50,1.3507224445,103.9310008951
T51,1.3487485722,103.9317015674
T55,1.3562947495,103.9452519486
T57,1.3507467407,103.9330693633
T58,1.3553423223,103.9311247636
T7,1.3454696969,103.9458054037
T72,1.3580941784,103.9456101524
T73,1.3580855596,103.9469221663
T74,1.3594142202,103.9482134613
T75,1.3593290032,103.9504544343
T76,1.3601677402,103.9516421187
T77,1.3616776500,103.9527749607
T78,1.3576773101,103.9512110723
T79,1.3574127640,103.9544694414
T7A,1.3449619353,103.9456272500
T8,1.3464142308,103.9441900733
T80,1.3597987524,103.9545729770
T81,1.3603298279,103.9579675439
T9,1.3478163317,103.9436467115
TAM1,1.3551798764,103.9459518764
TAM2,1.3602933344,103.9531551041
TB1,1.2784436506,103.8185740534
TB10,1.2724063895,103.8232073880
TB11,1.2706126262,103.8235354724
TB14,1.2818252117,103.8073453380
TB17,1.2748148572,103.8130198070
TB18,1.2765122720,103.8098116743
TB19,1.2746646912,103.8087104130
TB2,1.2776056912,103.8193432958
TB22,1.2739113685,103.8075810262
TB23,1.2813421691,103.8152189087
TB28,1.2720250401,103.8091120410
TB3,1.2768391829,103.8194676682
TB4A,1.2776343855,103.8224402253
TB6,1.2739507972,103.8221512878
TB7,1.2734514849,103.8213991868
TB8,1.2726440476,103.8207548526
TB9,1.2732889978,103.8222334393
TBC2,1.2757430582,103.8206896352
TBC3,1.2790442397,103.8175781692
TBCM,1.2775447723,103.8211242982
TBL,1.2764807594,103.8067613070
TBM,1.2717912860,103.8106687022
TBM2,1.2753043651,103.8092233202
TBM3,1.2733743359,103.8089728461
TBM4,1.2772968604,103.8077670868
TBM5,1.2749985071,103.8117515397
TBM6,1.2733330015,103.8111113748
TBM7,1.2762661203,103.8108357738
TBM8,1.2772069381,103.8072808650
TBMT,1.2737962540,103.8069013219
TE1,1.2813137151,103.8264540259
TE13,1.2832266600,103.8305745568
TE14,1.2769805824,103.8288546649
TE2,1.2799822968,103.8250799735
TE25,1.2773716641,103.8307877230
TE3,1.2797413916,103.8261415608
TE4,1.2783696398,103.8278435706
TE9,1.2838768067,103.8329723730
TG1,1.3233129930,103.7376345094
TG2,1.3215742970,103.7376019002
TG3,1.3206349931,103.7389773977
TG6,1.3218251385,103.7410926969
TG7,1.3201453630,103.7422910001
TGM1,1.3211726817,103.7389140143
TGM2,1.3221450187,103.7382944550
TGM3,1.3232613285,103.7393283674
TGM4,1.3225222217,103.7372517530
TGML,1.3217496874,103.7393414802
TH1,1.3554337142,103.7346044171
TH1L,1.3548198832,103.7352227831
TH20,1.3595974040,103.7304430469
TH22,1.3610011207,103.7321842459
TH3,1.3591258598,103.7348759054
TH3L,1.3578627749,103.7335198824
THM,1.2982031225,103.7978941792
THPP,1.3578681356,103.7340999263
TJ27,1.3271974324,103.7210661555
TJ28,1.3371197567,103.7204588788
TJ29,1.3281427793,103.7223023426
TJ30,1.3301014239,103.7222391856
TJ31,1.3385945700,103.7228701677
TJ32,1.3400495012,103.7201829667
TJ33,1.3371094145,103.7232498168
TJ34,1.3340202356,103.7245403114
TJ35,1.3329006388,103.7224840046
TJ36,1.3362078555,103.7245297938
TJ37,1.3382825339,103.7225283112
TJ38,1.3323135686,103.7217796869
TJ39,1.3279067612,103.7233238770
TJ41,1.3268210615,103.7233976072
TJ42,1.3272254644,103.7223493563
TM10,1.3533536464,103.9602550967
TM11,1.3544003716,103.9585245234
TM12,1.3558304341,103.9572155208
TM13,1.3563570938,103.9591006658
TM14,1.3491501506,103.9305717280
TM15,1.3577306248,103.9522237017
TM16,1.3557548072,103.9502311329
TM17,1.3512131549,103.9379870587
TM18,1.3523979713,103.9380349192
TM19,1.3573426549,103.9593448636
TM1A,1.3435617503,103.9360489290
TM20,1.3581427180,103.9610214921
TM21,1.3514133267,103.9604738495
TM22,1.3522644866,103.9628294882
TM23,1.3546614861,103.9621810618
TM24,1.3554179484,103.9614423609
TM25,1.3587147470,103.9584951383
TM26,1.3598266798,103.9596252240
TM27,1.3606530051,103.9598884790
TM28,1.3628337350,103.9568796784
TM29,1.3606853861,103.9591088032
TM3,1.3612627825,103.9505649720
TM30,1.3568738298,103.9366514089
TM31,1.3587518559,103.9366554486
TM32,1.3595356024,103.9352307036
TM33,1.3563636674,103.9360719483
TM34,1.3572198098,103.9334329021
TM35,1.3599148479,103.9341392745
TM36,1.3571629859,103.9390732978
TM37,1.3561768439,103.9386072382
TM4,1.3630952288,103.9521614888
TM41,1.3475301019,103.9414184825
TM42,1.3489369755,103.9335074576
TM43,1.3533871777,103.9522347102
TM44,1.3592000246,103.9563168503
TM45,1.3553474173,103.9330029972
TM46,1.3585465792,103.9384437696
TM47,1.3567124317,103.9401504668
TM48,1.3470782741,103.9341414276
TM49,1.3639797761,103.9530236894
TM5,1.3631083374,103.9540792438
TM50,1.3564483305,103.9311196439
TM51,1.3511829039,103.9287560850
TM52,1.3638640263,103.9557136213
TM53,1.3548531045,103.9386890231
TM54,1.3535292620,103.9299226436
TM55,1.3548790404,103.9307058311
TM56,1.3543967796,103.9408713382
TM6,1.3532478142,103.9563493824
TM7,1.3528089667,103.9576251610
TM8,1.3515006917,103.9572042847
TM9,1.3533454116,103.9590930659
TP10,1.3349161383,103.8535915639
TP12,1.3340273407,103.8521069605
TP14,1.3358886109,103.8524077219
TP15,1.3374793998,103.8508335497
TP16,1.3332457463,103.8483161533
TP17,1.3337730226,103.8485932796
TP18,1.3325893207,103.8507444681
TP2,1.3361796319,103.8482414982
TP20,1.3310224200,103.8444875730
TP22,1.3342009369,103.8440423208
TP27,1.3375441281,103.8452675574
TP3,1.3353412056,103.8515502241
TP30,1.3406058016,103.8463327751
TP31,1.3411010792,103.8458710339
TP34,1.3379881833,103.8524333470
TP36,1.3362524951,103.8538000753
TP3A,1.3395182060,103.8542125805
TP40,1.3316871946,103.8567142389
TP41,1.3319694949,103.8582438154
TP43,1.3348090483,103.8572487797
TP48,1.3375715056,103.8566807396
TP49,1.3388696012,103.8557426789
TP4A,1.3392711898,103.8555289746
TP50,1.3388784332,103.8544310220
TP52,1.3414086531,103.8545392383
TP53,1.3424420658,103.8555524322
TP54,1.3414388875,103.8564558559
TP60,1.3401649899,103.8522586839
TP62,1.3414197022,103.8504610545
TP63,1.3417624542,103.8490327787
TP67,1.3327492746,103.8571109159
TP68,1.3311357043,103.8592937159
TP7,1.3398039019,103.8487651726
TP8,1.3393917415,103.8484510346
TPB1,1.3360648633,103.8565974794
TPL,1.2769075749,103.8430074041
TPM,1.2754814003,103.8422974023
TPM2,1.3392702039,103.8470872126
TPM3,1.3307490036,103.8422339340
TPM4,1.3357541575,103.8493460622
TPM5,1.3358186854,103.8473399335
TPM6,1.3348896542,103.8546234329
TPM7,1.3398497062,103.8459217674
TPM8,1.3366352514,103.8592859875
TPM9,1.3371022987,103.8577889810
TPMA,1.3365036598,103.8511335686
TPMB,1.3330548066,103.8452407705
TPMC,1.3419358911,103.8461606845
TPMD,1.3302080748,103.8449112079
TPME,1.3384461335,103.8498468321
TPMF,1.3351666444,103.8455971261
TPMG,1.3382490387,103.8440731499
TPMH,1.3320229197,103.8573978656
TPMJ,1.3342662017,103.8454805069
TPMK,1.3309769045,103.8585718359
TPML,1.3382258758,103.8589232121
TPMM,1.3390141031,103.8580037294
TPMN,1.3348930157,103.8485784522
TPMP,1.3366841665,103.8448013544
TPMQ,1.3369784659,103.8428536813
TPMR,1.3337365539,103.8556732053
TPMS,1.3315703260,103.8600139348
TPMT,1.3336243755,103.8590902134
TR1,1.3197304025,103.8611096164
TRM,1.3003313037,103.8836578214
TRS,1.3006494195,103.8834701001
TW1,1.3776881486,103.7551591710
TW2,1.3787499751,103.7544749396
TW3,1.3803300689,103.7545050213
TW4,1.3820725108,103.7530984672
TWCM,1.3182751284,103.8593229153
TWM1,1.3791544766,103.7575330219
TWM2,1.3796366595,103.7565767244
TWM3,1.3803889157,103.7573167250
TWM4,1.3829207780,103.7539445337
TWM6,1.3800933596,103.7581869120
U0036,1.3122387156,103.9260528849
U0042,1.3321242012,103.9464677456
U1,1.3483897031,103.7469815015
U10,1.3458035422,103.7437242364
U11,1.3474209172,103.7433032060
U12,1.3469615719,103.7494702726
U13,1.3478034470,103.7532222962
U15,1.3488837002,103.7554362721
U17,1.3500959656,103.7568055732
U18,1.3510894124,103.7587333867
U19,1.3485028572,103.7583224418
U2,1.3498724840,103.7463092925
U21,1.3573554143,103.7485836175
U22,1.3607643325,103.7465145648
U23,1.3630211926,103.7455653334
U24,1.3639079799,103.7476453485
U24T,1.3645163319,103.7474288288
U25,1.3631052483,103.7500099655
U26,1.3605163414,103.7501314408
U27,1.3595930873,103.7510650623
U28,1.3578757399,103.7505611530
U29,1.3585921988,103.7492985771
U3,1.3513919566,103.7443516348
U30,1.3569143756,103.7526951582
U31,1.3569134027,103.7510736048
U32,1.3541002342,103.7526140418
U33,1.3549782393,103.7513069643
U34,1.3517336859,103.7537032275
U38,1.3467260930,103.7445770825
U39,1.3497594317,103.7509888455
U4,1.3506535653,103.7432199630
U40,1.3486324014,103.7513683037
U41,1.3494845971,103.7520483500
U43,1.3650831137,103.7459369188
U45,1.3469184921,103.7578989257
U46,1.3441682108,103.7476268834
U48,1.3614343194,103.7487706304
U5,1.3501372413,103.7446778818
U50,1.3473419454,103.7556517053
U51,1.3648441919,103.7464838720
U52,1.3446076957,103.7450170059
U54,1.3507782583,103.7552534900
U55,1.3508337588,103.7382455837
U56,1.3561462049,103.7373307887
U57,1.3460024421,103.7553518324
U58,1.3521444089,103.7404733507
U6,1.3480295182,103.7441035232
U60,1.3530392227,103.7440085448
U63,1.3592847522,103.7498442556
U64,1.3545786731,103.7397182311
U65,1.3573960438,103.7399721677
U66,1.3587025871,103.7396214939
U67,1.3605269508,103.7423228878
U68,1.3539415228,103.7397589605
U69,1.3570852858,103.7434659727
U7,1.3487076641,103.7420926618
U70,1.3568141709,103.7414226374
U71,1.3493000791,103.7453368517
U8,1.3471619786,103.7418946019
U9,1.3458719786,103.7412038332
UA2,1.3336909601,103.8792288384
UA3,1.3346544349,103.8806278648
UA5,1.3365133629,103.8811820535
UAM1,1.3344978088,103.8792135815
UBK2,1.3155971788,103.8713974643
UBK4,1.3152879383,103.8740882168
UBK5,1.3185357926,103.8739593984
UBKM,1.3148102350,103.8708758710
UBM1,1.3126416640,103.8726213533
UBM2,1.3131084200,103.8703890366
V0007,1.3103242249,103.8561285557
W0029,1.2896228087,103.7714260705
W0055,1.3110802059,103.7961969037
W10,1.4393517930,103.7753201860
W100,1.4287044514,103.7922404453
W101,1.4425443267,103.8057857247
W102,1.4412048069,103.8066166299
W103,1.4457460248,103.7973359028
W104,1.4439746500,103.8075385913
W105,1.4446673032,103.8088593028
W106,1.4429357584,103.8084785233
W107,1.4298007532,103.7895969541
W108,1.4315825937,103.7753038279
W109,1.4450222780,103.7973367391
W11,1.4422667144,103.7727114502
W11M,1.4427240738,103.7728565868
W12M,1.4446407500,103.7722037709
W13,1.4435372788,103.7748079070
W14,1.4470522163,103.7729746723
W17,1.4366819679,103.7816472218
W18,1.4390425022,103.7804429506
W181,1.4396538700,103.7792968008
W182,1.4351586520,103.7759983247
W185,1.4362680690,103.7764727554
W187,1.4374260701,103.7749076246
W19,1.4375945523,103.7772083337
W20,1.4350380306,103.7747502820
W21,1.4346750027,103.7780304924
W23,1.4322112517,103.7811257109
W24,1.4310240348,103.7793311382
W25,1.4303184727,103.7761943248
W26,1.4316843283,103.7742861458
W27,1.4310251932,103.7739106136
W28,1.4301173304,103.7738570898
W30,1.4302901996,103.7740683248
W36,1.4413783621,103.7864190662
W37,1.4418753225,103.7904322200
W39,1.4399002818,103.7912279762
W4,1.4424581506,103.7768195120
W40,1.4415962808,103.7920159019
W41,1.4400107886,103.7933217086
W43,1.4295038334,103.7720608819
W44,1.4279898550,103.7722639185
W45,1.4279814043,103.7751618401
W46,1.4266570986,103.7736755375
W48,1.4431678994,103.7890260469
W49,1.4429076814,103.7920282115
W4L,1.4441330050,103.7775039393
W4M,1.4415585332,103.7759835124
W5,1.4407540973,103.7781942520
W50,1.4429256185,103.7936947548
W505,1.4321375605,103.7916045949
W509,1.4332851933,103.7893019829
W51,1.4422899750,103.7926353108
W516,1.4341673493,103.7907762902
W517,1.4341445831,103.7915192514
W52,1.4413983721,103.7894865360
W527,1.4319705924,103.7925562097
W53,1.4444941527,103.7914333168
W536,1.4311391534,103.7915236012
W54,1.4394188788,103.7890750794
W546,1.4297478943,103.7934091161
W549,1.4323004696,103.7949344936
W55,1.4398048029,103.7945291362
W554,1.4325405687,103.7962218828
W56,1.4381599526,103.7914673546
W567,1.4280277378,103.7887629152
W57,1.4367821348,103.7894508465
W570,1.4309038101,103.7900315621
W574,1.4305890857,103.7984435918
W578,1.4313637940,103.7966917512
W579,1.4310428463,103.7955344604
W58,1.4360501619,103.7922524392
W586,1.4291763832,103.7947001116
W588,1.4282160493,103.7946955206
W59,1.4363199769,103.7946188794
W5M,1.4416394038,103.7787534494
W6,1.4421024736,103.7779539633
W61,1.4332167018,103.7839471642
W64,1.4379842974,103.7971004182
W65,1.4411366228,103.7959794490
W66,1.4410960394,103.7979975934
W67,1.4415022181,103.7990654230
W676,1.4397622608,103.8007325206
W68,1.4414225382,103.8005221668
W69,1.4447277856,103.7998033212
W691,1.4406094983,103.8062113371
W693,1.4380924031,103.8037003455
W694,1.4380422658,103.8050182598
W7,1.4431361243,103.7776082944
W70,1.4445112228,103.7968091403
W71,1.4431865218,103.7989884859
W717,1.4409284935,103.7986483827
W72,1.4426259358,103.8019160414
W73,1.4433108833,103.8037696903
W74,1.4432155980,103.7963535303
W75,1.4433046017,103.7955789910
W76,1.4449181265,103.7951017428
W77,1.4460606062,103.7938984614
W78,1.4465930295,103.7960262093
W780,1.4482351850,103.8011011971
W782,1.4482051779,103.8035716815
W783,1.4478188418,103.8041211320
W785,1.4470667002,103.8049956168
W79,1.4477311107,103.7984807589
W799,1.4464606652,103.7999034357
W80,1.4481665645,103.8003423248
W81,1.4459803345,103.8000408979
W82,1.4445143801,103.8016071087
W83,1.4361090181,103.7971576397
W84,1.4348354207,103.7959159893
W85,1.4340975780,103.7991013604
W86,1.4373618370,103.8011495572
W87,1.4385397149,103.8002309316
W88,1.4372209439,103.7987160427
W887,1.4375737148,103.7947032589
W889,1.4380124562,103.7936205698
W89,1.4358427799,103.7985543316
W8M,1.4401825672,103.7763476286
W90,1.4341060425,103.8001142796
W91,1.4351059456,103.8011645045
W92,1.4362606314,103.8020552796
W93,1.4377828989,103.8025916247
W94,1.4405449629,103.8016787396
W95,1.4441729554,103.8017805690
W96,1.4388910505,103.7979176666
W98,1.4395974217,103.8035032979
WCB,1.2988082937,103.8519377563
WCC,1.4349017374,103.7866138350
WDB1,1.3207700328,103.8532442121
WGL,1.4471338295,103.8041639914
Y0019,1.2745489160,103.8414295794
Y1,1.4308445426,103.8280357386
Y10,1.4238427577,103.8332822754
Y11,1.4257754612,103.8299545111
Y12,1.4367967427,103.8324715484
Y13,1.4312148957,103.8378649191
Y14,1.4326736396,103.8356612246
Y15,1.4346481537,103.8368143235
Y16,1.4330620867,103.8394382888
Y17,1.4350634439,103.8411610683
Y18,1.4357473678,103.8395118828
Y19,1.4377603835,103.8381575293
Y2,1.4321665543,103.8280588896
Y20,1.4362620559,103.8378558361
Y21,1.4369020040,103.8371551743
Y21M,1.4353598621,103.8348540092
Y23,1.4215714989,103.8319603768
Y24,1.4191464276,103.8332422398
Y25,1.4166940619,103.8310085035
Y25M,1.4177128950,103.8326530461
Y26,1.4128628780,103.8338374773
Y27,1.4142097093,103.8336234835
Y28,1.4153793404,103.8337128042
Y28M,1.4154452846,103.8343714689
Y29,1.4172032242,103.8345354109
Y3,1.4347114222,103.8288865213
Y30M,1.4165576024,103.8357514266
Y31,1.4166643685,103.8367408504
Y32,1.4174854795,103.8385993302
Y33,1.4222442513,103.8360373424
Y34,1.4199061843,103.8364766097
Y34A,1.4192692694,103.8360656059
Y35,1.4196944592,103.8384739361
Y36,1.4215279338,103.8376552870
Y38,1.4225896204,103.8401110969
Y39,1.4200499817,103.8405267402
Y3M,1.4335446821,103.8274698163
Y4,1.4347516058,103.8315098664
Y40,1.4148476967,103.8367181827
Y41,1.4301354067,103.8399315585
Y41M,1.4307503087,103.8408848314
Y43,1.4288994741,103.8410989313
Y45,1.4271284469,103.8431591348
Y45M,1.4275026251,103.8426298367
Y46,1.4260852523,103.8457637919
Y48,1.4293878629,103.8478177785
Y48M,1.4283671256,103.8475294955
Y49,1.4260720481,103.8479842129
Y49H,1.4245555939,103.8475215169
Y49L,1.4239686968,103.8472648560
Y49M,1.4242511552,103.8475247716
Y4T,1.4324472330,103.8302090821
Y5,1.4311145317,103.8321075832
Y51,1.4215030521,103.8470654774
Y51M,1.4227431506,103.8455691870
Y52M,1.4203104377,103.8449203108
Y53M,1.4229240001,103.8460163975
Y54M,1.4273118935,103.8370353554
Y56,1.4254497491,103.8367627817
Y57,1.4239920631,103.8464470441
Y58,1.4325392485,103.8323825056
Y59M,1.4222526840,103.8491516480
Y6,1.4325230424,103.8341941282
Y60M,1.4211373154,103.8481194788
Y61M,1.4200879465,103.8475882414
Y62M,1.4302489131,103.8444469051
Y63M,1.4316570752,103.8450077198
Y64M,1.4325065391,103.8451005004
Y65M,1.4326688211,103.8420225713
Y66M,1.4337649976,103.8422882585
Y68L,1.4177611354,103.8435853002
Y68M,1.4183964970,103.8445959143
Y69L,1.4157664917,103.8432675571
Y69M,1.4160151257,103.8440807594
Y7,1.4273018179,103.8274505430
Y70M,1.4148598206,103.8403518105
Y71M,1.4165226720,103.8408818432
Y73M,1.4191352096,103.8415629408
Y74M,1.4196277366,103.8416902304
Y75M,1.4201764015,103.8430835420
Y76M,1.4216639026,103.8417695697
Y77M,1.4284476999,103.8499439102
Y78M,1.4247403589,103.8517315202
Y79L,1.4254675481,103.8509011430
Y79M,1.4264837885,103.8500018625
Y8,1.4294449191,103.8312780704
Y80M,1.4262264116,103.8527964235
Y81M,1.4280799275,103.8530369914
Y82M,1.4293855701,103.8507115813
Y83L,1.4312180408,103.8481423908
Y83M,1.4309061808,103.8468485749
Y84M,1.4314220967,103.8495177384
Y9,1.4278309135,103.8340125659
YHS,1.2865006248,103.8378867266
